Survived,PassengerId,Pclass,Age,SibSp,Parch,Ticket,Fare,Cabin,Embarked,person,Alone
0,1,3,22,1,0,A/5 21171,7.25,,S,male,With Family
1,2,1,38,1,0,PC 17599,71.2833,C85,C,female,With Family
1,3,3,26,0,0,STON/O2. 3101282,7.925,,S,female,Alone
1,4,1,35,1,0,113803,53.1,C123,S,female,With Family
0,5,3,35,0,0,373450,8.05,,S,male,Alone
0,6,3,,0,0,330877,8.4583,,Q,male,Alone
0,7,1,54,0,0,17463,51.8625,E46,S,male,Alone
0,8,3,2,3,1,349909,21.075,,S,child,With Family
1,9,3,27,0,2,347742,11.1333,,S,female,With Family
1,10,2,14,1,0,237736,30.0708,,C,child,With Family
1,11,3,4,1,1,PP 9549,16.7,G6,S,child,With Family
1,12,1,58,0,0,113783,26.55,C103,S,female,Alone
0,13,3,20,0,0,A/5. 2151,8.05,,S,male,Alone
0,14,3,39,1,5,347082,31.275,,S,male,With Family
0,15,3,14,0,0,350406,7.8542,,S,child,Alone
1,16,2,55,0,0,248706,16,,S,female,Alone
0,17,3,2,4,1,382652,29.125,,Q,child,With Family
1,18,2,,0,0,244373,13,,S,male,Alone
0,19,3,31,1,0,345763,18,,S,female,With Family
1,20,3,,0,0,2649,7.225,,C,female,Alone
0,21,2,35,0,0,239865,26,,S,male,Alone
1,22,2,34,0,0,248698,13,D56,S,male,Alone
1,23,3,15,0,0,330923,8.0292,,Q,child,Alone
1,24,1,28,0,0,113788,35.5,A6,S,male,Alone
0,25,3,8,3,1,349909,21.075,,S,child,With Family
1,26,3,38,1,5,347077,31.3875,,S,female,With Family
0,27,3,,0,0,2631,7.225,,C,male,Alone
0,28,1,19,3,2,19950,263,C23 C25 C27,S,male,With Family
1,29,3,,0,0,330959,7.8792,,Q,female,Alone
0,30,3,,0,0,349216,7.8958,,S,male,Alone
0,31,1,40,0,0,PC 17601,27.7208,,C,male,Alone
1,32,1,,1,0,PC 17569,146.5208,B78,C,female,With Family
1,33,3,,0,0,335677,7.75,,Q,female,Alone
0,34,2,66,0,0,C.A. 24579,10.5,,S,male,Alone
0,35,1,28,1,0,PC 17604,82.1708,,C,male,With Family
0,36,1,42,1,0,113789,52,,S,male,With Family
1,37,3,,0,0,2677,7.2292,,C,male,Alone
0,38,3,21,0,0,A./5. 2152,8.05,,S,male,Alone
0,39,3,18,2,0,345764,18,,S,female,With Family
1,40,3,14,1,0,2651,11.2417,,C,child,With Family
0,41,3,40,1,0,7546,9.475,,S,female,With Family
0,42,2,27,1,0,11668,21,,S,female,With Family
0,43,3,,0,0,349253,7.8958,,C,male,Alone
1,44,2,3,1,2,SC/Paris 2123,41.5792,,C,child,With Family
1,45,3,19,0,0,330958,7.8792,,Q,female,Alone
0,46,3,,0,0,S.C./A.4. 23567,8.05,,S,male,Alone
0,47,3,,1,0,370371,15.5,,Q,male,With Family
1,48,3,,0,0,14311,7.75,,Q,female,Alone
0,49,3,,2,0,2662,21.6792,,C,male,With Family
0,50,3,18,1,0,349237,17.8,,S,female,With Family
0,51,3,7,4,1,3101295,39.6875,,S,child,With Family
0,52,3,21,0,0,A/4. 39886,7.8,,S,male,Alone
1,53,1,49,1,0,PC 17572,76.7292,D33,C,female,With Family
1,54,2,29,1,0,2926,26,,S,female,With Family
0,55,1,65,0,1,113509,61.9792,B30,C,male,With Family
1,56,1,,0,0,19947,35.5,C52,S,male,Alone
1,57,2,21,0,0,C.A. 31026,10.5,,S,female,Alone
0,58,3,28.5,0,0,2697,7.2292,,C,male,Alone
1,59,2,5,1,2,C.A. 34651,27.75,,S,child,With Family
0,60,3,11,5,2,CA 2144,46.9,,S,child,With Family
0,61,3,22,0,0,2669,7.2292,,C,male,Alone
1,62,1,38,0,0,113572,80,B28,,female,Alone
0,63,1,45,1,0,36973,83.475,C83,S,male,With Family
0,64,3,4,3,2,347088,27.9,,S,child,With Family
0,65,1,,0,0,PC 17605,27.7208,,C,male,Alone
1,66,3,,1,1,2661,15.2458,,C,male,With Family
1,67,2,29,0,0,C.A. 29395,10.5,F33,S,female,Alone
0,68,3,19,0,0,S.P. 3464,8.1583,,S,male,Alone
1,69,3,17,4,2,3101281,7.925,,S,female,With Family
0,70,3,26,2,0,315151,8.6625,,S,male,With Family
0,71,2,32,0,0,C.A. 33111,10.5,,S,male,Alone
0,72,3,16,5,2,CA 2144,46.9,,S,female,With Family
0,73,2,21,0,0,S.O.C. 14879,73.5,,S,male,Alone
0,74,3,26,1,0,2680,14.4542,,C,male,With Family
1,75,3,32,0,0,1601,56.4958,,S,male,Alone
0,76,3,25,0,0,348123,7.65,F G73,S,male,Alone
0,77,3,,0,0,349208,7.8958,,S,male,Alone
0,78,3,,0,0,374746,8.05,,S,male,Alone
1,79,2,0.83,0,2,248738,29,,S,child,With Family
1,80,3,30,0,0,364516,12.475,,S,female,Alone
0,81,3,22,0,0,345767,9,,S,male,Alone
1,82,3,29,0,0,345779,9.5,,S,male,Alone
1,83,3,,0,0,330932,7.7875,,Q,female,Alone
0,84,1,28,0,0,113059,47.1,,S,male,Alone
1,85,2,17,0,0,SO/C 14885,10.5,,S,female,Alone
1,86,3,33,3,0,3101278,15.85,,S,female,With Family
0,87,3,16,1,3,W./C. 6608,34.375,,S,male,With Family
0,88,3,,0,0,SOTON/OQ 392086,8.05,,S,male,Alone
1,89,1,23,3,2,19950,263,C23 C25 C27,S,female,With Family
0,90,3,24,0,0,343275,8.05,,S,male,Alone
0,91,3,29,0,0,343276,8.05,,S,male,Alone
0,92,3,20,0,0,347466,7.8542,,S,male,Alone
0,93,1,46,1,0,W.E.P. 5734,61.175,E31,S,male,With Family
0,94,3,26,1,2,C.A. 2315,20.575,,S,male,With Family
0,95,3,59,0,0,364500,7.25,,S,male,Alone
0,96,3,,0,0,374910,8.05,,S,male,Alone
0,97,1,71,0,0,PC 17754,34.6542,A5,C,male,Alone
1,98,1,23,0,1,PC 17759,63.3583,D10 D12,C,male,With Family
1,99,2,34,0,1,231919,23,,S,female,With Family
0,100,2,34,1,0,244367,26,,S,male,With Family
0,101,3,28,0,0,349245,7.8958,,S,female,Alone
0,102,3,,0,0,349215,7.8958,,S,male,Alone
0,103,1,21,0,1,35281,77.2875,D26,S,male,With Family
0,104,3,33,0,0,7540,8.6542,,S,male,Alone
0,105,3,37,2,0,3101276,7.925,,S,male,With Family
0,106,3,28,0,0,349207,7.8958,,S,male,Alone
1,107,3,21,0,0,343120,7.65,,S,female,Alone
1,108,3,,0,0,312991,7.775,,S,male,Alone
0,109,3,38,0,0,349249,7.8958,,S,male,Alone
1,110,3,,1,0,371110,24.15,,Q,female,With Family
0,111,1,47,0,0,110465,52,C110,S,male,Alone
0,112,3,14.5,1,0,2665,14.4542,,C,child,With Family
0,113,3,22,0,0,324669,8.05,,S,male,Alone
0,114,3,20,1,0,4136,9.825,,S,female,With Family
0,115,3,17,0,0,2627,14.4583,,C,female,Alone
0,116,3,21,0,0,STON/O 2. 3101294,7.925,,S,male,Alone
0,117,3,70.5,0,0,370369,7.75,,Q,male,Alone
0,118,2,29,1,0,11668,21,,S,male,With Family
0,119,1,24,0,1,PC 17558,247.5208,B58 B60,C,male,With Family
0,120,3,2,4,2,347082,31.275,,S,child,With Family
0,121,2,21,2,0,S.O.C. 14879,73.5,,S,male,With Family
0,122,3,,0,0,A4. 54510,8.05,,S,male,Alone
0,123,2,32.5,1,0,237736,30.0708,,C,male,With Family
1,124,2,32.5,0,0,27267,13,E101,S,female,Alone
0,125,1,54,0,1,35281,77.2875,D26,S,male,With Family
1,126,3,12,1,0,2651,11.2417,,C,child,With Family
0,127,3,,0,0,370372,7.75,,Q,male,Alone
1,128,3,24,0,0,C 17369,7.1417,,S,male,Alone
1,129,3,,1,1,2668,22.3583,F E69,C,female,With Family
0,130,3,45,0,0,347061,6.975,,S,male,Alone
0,131,3,33,0,0,349241,7.8958,,C,male,Alone
0,132,3,20,0,0,SOTON/O.Q. 3101307,7.05,,S,male,Alone
0,133,3,47,1,0,A/5. 3337,14.5,,S,female,With Family
1,134,2,29,1,0,228414,26,,S,female,With Family
0,135,2,25,0,0,C.A. 29178,13,,S,male,Alone
0,136,2,23,0,0,SC/PARIS 2133,15.0458,,C,male,Alone
1,137,1,19,0,2,11752,26.2833,D47,S,female,With Family
0,138,1,37,1,0,113803,53.1,C123,S,male,With Family
0,139,3,16,0,0,7534,9.2167,,S,male,Alone
0,140,1,24,0,0,PC 17593,79.2,B86,C,male,Alone
0,141,3,,0,2,2678,15.2458,,C,female,With Family
1,142,3,22,0,0,347081,7.75,,S,female,Alone
1,143,3,24,1,0,STON/O2. 3101279,15.85,,S,female,With Family
0,144,3,19,0,0,365222,6.75,,Q,male,Alone
0,145,2,18,0,0,231945,11.5,,S,male,Alone
0,146,2,19,1,1,C.A. 33112,36.75,,S,male,With Family
1,147,3,27,0,0,350043,7.7958,,S,male,Alone
0,148,3,9,2,2,W./C. 6608,34.375,,S,child,With Family
0,149,2,36.5,0,2,230080,26,F2,S,male,With Family
0,150,2,42,0,0,244310,13,,S,male,Alone
0,151,2,51,0,0,S.O.P. 1166,12.525,,S,male,Alone
1,152,1,22,1,0,113776,66.6,C2,S,female,With Family
0,153,3,55.5,0,0,A.5. 11206,8.05,,S,male,Alone
0,154,3,40.5,0,2,A/5. 851,14.5,,S,male,With Family
0,155,3,,0,0,Fa 265302,7.3125,,S,male,Alone
0,156,1,51,0,1,PC 17597,61.3792,,C,male,With Family
1,157,3,16,0,0,35851,7.7333,,Q,female,Alone
0,158,3,30,0,0,SOTON/OQ 392090,8.05,,S,male,Alone
0,159,3,,0,0,315037,8.6625,,S,male,Alone
0,160,3,,8,2,CA. 2343,69.55,,S,male,With Family
0,161,3,44,0,1,371362,16.1,,S,male,With Family
1,162,2,40,0,0,C.A. 33595,15.75,,S,female,Alone
0,163,3,26,0,0,347068,7.775,,S,male,Alone
0,164,3,17,0,0,315093,8.6625,,S,male,Alone
0,165,3,1,4,1,3101295,39.6875,,S,child,With Family
1,166,3,9,0,2,363291,20.525,,S,child,With Family
1,167,1,,0,1,113505,55,E33,S,female,With Family
0,168,3,45,1,4,347088,27.9,,S,female,With Family
0,169,1,,0,0,PC 17318,25.925,,S,male,Alone
0,170,3,28,0,0,1601,56.4958,,S,male,Alone
0,171,1,61,0,0,111240,33.5,B19,S,male,Alone
0,172,3,4,4,1,382652,29.125,,Q,child,With Family
1,173,3,1,1,1,347742,11.1333,,S,child,With Family
0,174,3,21,0,0,STON/O 2. 3101280,7.925,,S,male,Alone
0,175,1,56,0,0,17764,30.6958,A7,C,male,Alone
0,176,3,18,1,1,350404,7.8542,,S,male,With Family
0,177,3,,3,1,4133,25.4667,,S,male,With Family
0,178,1,50,0,0,PC 17595,28.7125,C49,C,female,Alone
0,179,2,30,0,0,250653,13,,S,male,Alone
0,180,3,36,0,0,LINE,0,,S,male,Alone
0,181,3,,8,2,CA. 2343,69.55,,S,female,With Family
0,182,2,,0,0,SC/PARIS 2131,15.05,,C,male,Alone
0,183,3,9,4,2,347077,31.3875,,S,child,With Family
1,184,2,1,2,1,230136,39,F4,S,child,With Family
1,185,3,4,0,2,315153,22.025,,S,child,With Family
0,186,1,,0,0,113767,50,A32,S,male,Alone
1,187,3,,1,0,370365,15.5,,Q,female,With Family
1,188,1,45,0,0,111428,26.55,,S,male,Alone
0,189,3,40,1,1,364849,15.5,,Q,male,With Family
0,190,3,36,0,0,349247,7.8958,,S,male,Alone
1,191,2,32,0,0,234604,13,,S,female,Alone
0,192,2,19,0,0,28424,13,,S,male,Alone
1,193,3,19,1,0,350046,7.8542,,S,female,With Family
1,194,2,3,1,1,230080,26,F2,S,child,With Family
1,195,1,44,0,0,PC 17610,27.7208,B4,C,female,Alone
1,196,1,58,0,0,PC 17569,146.5208,B80,C,female,Alone
0,197,3,,0,0,368703,7.75,,Q,male,Alone
0,198,3,42,0,1,4579,8.4042,,S,male,With Family
1,199,3,,0,0,370370,7.75,,Q,female,Alone
0,200,2,24,0,0,248747,13,,S,female,Alone
0,201,3,28,0,0,345770,9.5,,S,male,Alone
0,202,3,,8,2,CA. 2343,69.55,,S,male,With Family
0,203,3,34,0,0,3101264,6.4958,,S,male,Alone
0,204,3,45.5,0,0,2628,7.225,,C,male,Alone
1,205,3,18,0,0,A/5 3540,8.05,,S,male,Alone
0,206,3,2,0,1,347054,10.4625,G6,S,child,With Family
0,207,3,32,1,0,3101278,15.85,,S,male,With Family
1,208,3,26,0,0,2699,18.7875,,C,male,Alone
1,209,3,16,0,0,367231,7.75,,Q,female,Alone
1,210,1,40,0,0,112277,31,A31,C,male,Alone
0,211,3,24,0,0,SOTON/O.Q. 3101311,7.05,,S,male,Alone
1,212,2,35,0,0,F.C.C. 13528,21,,S,female,Alone
0,213,3,22,0,0,A/5 21174,7.25,,S,male,Alone
0,214,2,30,0,0,250646,13,,S,male,Alone
0,215,3,,1,0,367229,7.75,,Q,male,With Family
1,216,1,31,1,0,35273,113.275,D36,C,female,With Family
1,217,3,27,0,0,STON/O2. 3101283,7.925,,S,female,Alone
0,218,2,42,1,0,243847,27,,S,male,With Family
1,219,1,32,0,0,11813,76.2917,D15,C,female,Alone
0,220,2,30,0,0,W/C 14208,10.5,,S,male,Alone
1,221,3,16,0,0,SOTON/OQ 392089,8.05,,S,male,Alone
0,222,2,27,0,0,220367,13,,S,male,Alone
0,223,3,51,0,0,21440,8.05,,S,male,Alone
0,224,3,,0,0,349234,7.8958,,S,male,Alone
1,225,1,38,1,0,19943,90,C93,S,male,With Family
0,226,3,22,0,0,PP 4348,9.35,,S,male,Alone
1,227,2,19,0,0,SW/PP 751,10.5,,S,male,Alone
0,228,3,20.5,0,0,A/5 21173,7.25,,S,male,Alone
0,229,2,18,0,0,236171,13,,S,male,Alone
0,230,3,,3,1,4133,25.4667,,S,female,With Family
1,231,1,35,1,0,36973,83.475,C83,S,female,With Family
0,232,3,29,0,0,347067,7.775,,S,male,Alone
0,233,2,59,0,0,237442,13.5,,S,male,Alone
1,234,3,5,4,2,347077,31.3875,,S,child,With Family
0,235,2,24,0,0,C.A. 29566,10.5,,S,male,Alone
0,236,3,,0,0,W./C. 6609,7.55,,S,female,Alone
0,237,2,44,1,0,26707,26,,S,male,With Family
1,238,2,8,0,2,C.A. 31921,26.25,,S,child,With Family
0,239,2,19,0,0,28665,10.5,,S,male,Alone
0,240,2,33,0,0,SCO/W 1585,12.275,,S,male,Alone
0,241,3,,1,0,2665,14.4542,,C,female,With Family
1,242,3,,1,0,367230,15.5,,Q,female,With Family
0,243,2,29,0,0,W./C. 14263,10.5,,S,male,Alone
0,244,3,22,0,0,STON/O 2. 3101275,7.125,,S,male,Alone
0,245,3,30,0,0,2694,7.225,,C,male,Alone
0,246,1,44,2,0,19928,90,C78,Q,male,With Family
0,247,3,25,0,0,347071,7.775,,S,female,Alone
1,248,2,24,0,2,250649,14.5,,S,female,With Family
1,249,1,37,1,1,11751,52.5542,D35,S,male,With Family
0,250,2,54,1,0,244252,26,,S,male,With Family
0,251,3,,0,0,362316,7.25,,S,male,Alone
0,252,3,29,1,1,347054,10.4625,G6,S,female,With Family
0,253,1,62,0,0,113514,26.55,C87,S,male,Alone
0,254,3,30,1,0,A/5. 3336,16.1,,S,male,With Family
0,255,3,41,0,2,370129,20.2125,,S,female,With Family
1,256,3,29,0,2,2650,15.2458,,C,female,With Family
1,257,1,,0,0,PC 17585,79.2,,C,female,Alone
1,258,1,30,0,0,110152,86.5,B77,S,female,Alone
1,259,1,35,0,0,PC 17755,512.3292,,C,female,Alone
1,260,2,50,0,1,230433,26,,S,female,With Family
0,261,3,,0,0,384461,7.75,,Q,male,Alone
1,262,3,3,4,2,347077,31.3875,,S,child,With Family
0,263,1,52,1,1,110413,79.65,E67,S,male,With Family
0,264,1,40,0,0,112059,0,B94,S,male,Alone
0,265,3,,0,0,382649,7.75,,Q,female,Alone
0,266,2,36,0,0,C.A. 17248,10.5,,S,male,Alone
0,267,3,16,4,1,3101295,39.6875,,S,male,With Family
1,268,3,25,1,0,347083,7.775,,S,male,With Family
1,269,1,58,0,1,PC 17582,153.4625,C125,S,female,With Family
1,270,1,35,0,0,PC 17760,135.6333,C99,S,female,Alone
0,271,1,,0,0,113798,31,,S,male,Alone
1,272,3,25,0,0,LINE,0,,S,male,Alone
1,273,2,41,0,1,250644,19.5,,S,female,With Family
0,274,1,37,0,1,PC 17596,29.7,C118,C,male,With Family
1,275,3,,0,0,370375,7.75,,Q,female,Alone
1,276,1,63,1,0,13502,77.9583,D7,S,female,With Family
0,277,3,45,0,0,347073,7.75,,S,female,Alone
0,278,2,,0,0,239853,0,,S,male,Alone
0,279,3,7,4,1,382652,29.125,,Q,child,With Family
1,280,3,35,1,1,C.A. 2673,20.25,,S,female,With Family
0,281,3,65,0,0,336439,7.75,,Q,male,Alone
0,282,3,28,0,0,347464,7.8542,,S,male,Alone
0,283,3,16,0,0,345778,9.5,,S,male,Alone
1,284,3,19,0,0,A/5. 10482,8.05,,S,male,Alone
0,285,1,,0,0,113056,26,A19,S,male,Alone
0,286,3,33,0,0,349239,8.6625,,C,male,Alone
1,287,3,30,0,0,345774,9.5,,S,male,Alone
0,288,3,22,0,0,349206,7.8958,,S,male,Alone
1,289,2,42,0,0,237798,13,,S,male,Alone
1,290,3,22,0,0,370373,7.75,,Q,female,Alone
1,291,1,26,0,0,19877,78.85,,S,female,Alone
1,292,1,19,1,0,11967,91.0792,B49,C,female,With Family
0,293,2,36,0,0,SC/Paris 2163,12.875,D,C,male,Alone
0,294,3,24,0,0,349236,8.85,,S,female,Alone
0,295,3,24,0,0,349233,7.8958,,S,male,Alone
0,296,1,,0,0,PC 17612,27.7208,,C,male,Alone
0,297,3,23.5,0,0,2693,7.2292,,C,male,Alone
0,298,1,2,1,2,113781,151.55,C22 C26,S,child,With Family
1,299,1,,0,0,19988,30.5,C106,S,male,Alone
1,300,1,50,0,1,PC 17558,247.5208,B58 B60,C,female,With Family
1,301,3,,0,0,9234,7.75,,Q,female,Alone
1,302,3,,2,0,367226,23.25,,Q,male,With Family
0,303,3,19,0,0,LINE,0,,S,male,Alone
1,304,2,,0,0,226593,12.35,E101,Q,female,Alone
0,305,3,,0,0,A/5 2466,8.05,,S,male,Alone
1,306,1,0.92,1,2,113781,151.55,C22 C26,S,child,With Family
1,307,1,,0,0,17421,110.8833,,C,female,Alone
1,308,1,17,1,0,PC 17758,108.9,C65,C,female,With Family
0,309,2,30,1,0,P/PP 3381,24,,C,male,With Family
1,310,1,30,0,0,PC 17485,56.9292,E36,C,female,Alone
1,311,1,24,0,0,11767,83.1583,C54,C,female,Alone
1,312,1,18,2,2,PC 17608,262.375,B57 B59 B63 B66,C,female,With Family
0,313,2,26,1,1,250651,26,,S,female,With Family
0,314,3,28,0,0,349243,7.8958,,S,male,Alone
0,315,2,43,1,1,F.C.C. 13529,26.25,,S,male,With Family
1,316,3,26,0,0,347470,7.8542,,S,female,Alone
1,317,2,24,1,0,244367,26,,S,female,With Family
0,318,2,54,0,0,29011,14,,S,male,Alone
1,319,1,31,0,2,36928,164.8667,C7,S,female,With Family
1,320,1,40,1,1,16966,134.5,E34,C,female,With Family
0,321,3,22,0,0,A/5 21172,7.25,,S,male,Alone
0,322,3,27,0,0,349219,7.8958,,S,male,Alone
1,323,2,30,0,0,234818,12.35,,Q,female,Alone
1,324,2,22,1,1,248738,29,,S,female,With Family
0,325,3,,8,2,CA. 2343,69.55,,S,male,With Family
1,326,1,36,0,0,PC 17760,135.6333,C32,C,female,Alone
0,327,3,61,0,0,345364,6.2375,,S,male,Alone
1,328,2,36,0,0,28551,13,D,S,female,Alone
1,329,3,31,1,1,363291,20.525,,S,female,With Family
1,330,1,16,0,1,111361,57.9792,B18,C,female,With Family
1,331,3,,2,0,367226,23.25,,Q,female,With Family
0,332,1,45.5,0,0,113043,28.5,C124,S,male,Alone
0,333,1,38,0,1,PC 17582,153.4625,C91,S,male,With Family
0,334,3,16,2,0,345764,18,,S,male,With Family
1,335,1,,1,0,PC 17611,133.65,,S,female,With Family
0,336,3,,0,0,349225,7.8958,,S,male,Alone
0,337,1,29,1,0,113776,66.6,C2,S,male,With Family
1,338,1,41,0,0,16966,134.5,E40,C,female,Alone
1,339,3,45,0,0,7598,8.05,,S,male,Alone
0,340,1,45,0,0,113784,35.5,T,S,male,Alone
1,341,2,2,1,1,230080,26,F2,S,child,With Family
1,342,1,24,3,2,19950,263,C23 C25 C27,S,female,With Family
0,343,2,28,0,0,248740,13,,S,male,Alone
0,344,2,25,0,0,244361,13,,S,male,Alone
0,345,2,36,0,0,229236,13,,S,male,Alone
1,346,2,24,0,0,248733,13,F33,S,female,Alone
1,347,2,40,0,0,31418,13,,S,female,Alone
1,348,3,,1,0,386525,16.1,,S,female,With Family
1,349,3,3,1,1,C.A. 37671,15.9,,S,child,With Family
0,350,3,42,0,0,315088,8.6625,,S,male,Alone
0,351,3,23,0,0,7267,9.225,,S,male,Alone
0,352,1,,0,0,113510,35,C128,S,male,Alone
0,353,3,15,1,1,2695,7.2292,,C,child,With Family
0,354,3,25,1,0,349237,17.8,,S,male,With Family
0,355,3,,0,0,2647,7.225,,C,male,Alone
0,356,3,28,0,0,345783,9.5,,S,male,Alone
1,357,1,22,0,1,113505,55,E33,S,female,With Family
0,358,2,38,0,0,237671,13,,S,female,Alone
1,359,3,,0,0,330931,7.8792,,Q,female,Alone
1,360,3,,0,0,330980,7.8792,,Q,female,Alone
0,361,3,40,1,4,347088,27.9,,S,male,With Family
0,362,2,29,1,0,SC/PARIS 2167,27.7208,,C,male,With Family
0,363,3,45,0,1,2691,14.4542,,C,female,With Family
0,364,3,35,0,0,SOTON/O.Q. 3101310,7.05,,S,male,Alone
0,365,3,,1,0,370365,15.5,,Q,male,With Family
0,366,3,30,0,0,C 7076,7.25,,S,male,Alone
1,367,1,60,1,0,110813,75.25,D37,C,female,With Family
1,368,3,,0,0,2626,7.2292,,C,female,Alone
1,369,3,,0,0,14313,7.75,,Q,female,Alone
1,370,1,24,0,0,PC 17477,69.3,B35,C,female,Alone
1,371,1,25,1,0,11765,55.4417,E50,C,male,With Family
0,372,3,18,1,0,3101267,6.4958,,S,male,With Family
0,373,3,19,0,0,323951,8.05,,S,male,Alone
0,374,1,22,0,0,PC 17760,135.6333,,C,male,Alone
0,375,3,3,3,1,349909,21.075,,S,child,With Family
1,376,1,,1,0,PC 17604,82.1708,,C,female,With Family
1,377,3,22,0,0,C 7077,7.25,,S,female,Alone
0,378,1,27,0,2,113503,211.5,C82,C,male,With Family
0,379,3,20,0,0,2648,4.0125,,C,male,Alone
0,380,3,19,0,0,347069,7.775,,S,male,Alone
1,381,1,42,0,0,PC 17757,227.525,,C,female,Alone
1,382,3,1,0,2,2653,15.7417,,C,child,With Family
0,383,3,32,0,0,STON/O 2. 3101293,7.925,,S,male,Alone
1,384,1,35,1,0,113789,52,,S,female,With Family
0,385,3,,0,0,349227,7.8958,,S,male,Alone
0,386,2,18,0,0,S.O.C. 14879,73.5,,S,male,Alone
0,387,3,1,5,2,CA 2144,46.9,,S,child,With Family
1,388,2,36,0,0,27849,13,,S,female,Alone
0,389,3,,0,0,367655,7.7292,,Q,male,Alone
1,390,2,17,0,0,SC 1748,12,,C,female,Alone
1,391,1,36,1,2,113760,120,B96 B98,S,male,With Family
1,392,3,21,0,0,350034,7.7958,,S,male,Alone
0,393,3,28,2,0,3101277,7.925,,S,male,With Family
1,394,1,23,1,0,35273,113.275,D36,C,female,With Family
1,395,3,24,0,2,PP 9549,16.7,G6,S,female,With Family
0,396,3,22,0,0,350052,7.7958,,S,male,Alone
0,397,3,31,0,0,350407,7.8542,,S,female,Alone
0,398,2,46,0,0,28403,26,,S,male,Alone
0,399,2,23,0,0,244278,10.5,,S,male,Alone
1,400,2,28,0,0,240929,12.65,,S,female,Alone
1,401,3,39,0,0,STON/O 2. 3101289,7.925,,S,male,Alone
0,402,3,26,0,0,341826,8.05,,S,male,Alone
0,403,3,21,1,0,4137,9.825,,S,female,With Family
0,404,3,28,1,0,STON/O2. 3101279,15.85,,S,male,With Family
0,405,3,20,0,0,315096,8.6625,,S,female,Alone
0,406,2,34,1,0,28664,21,,S,male,With Family
0,407,3,51,0,0,347064,7.75,,S,male,Alone
1,408,2,3,1,1,29106,18.75,,S,child,With Family
0,409,3,21,0,0,312992,7.775,,S,male,Alone
0,410,3,,3,1,4133,25.4667,,S,female,With Family
0,411,3,,0,0,349222,7.8958,,S,male,Alone
0,412,3,,0,0,394140,6.8583,,Q,male,Alone
1,413,1,33,1,0,19928,90,C78,Q,female,With Family
0,414,2,,0,0,239853,0,,S,male,Alone
1,415,3,44,0,0,STON/O 2. 3101269,7.925,,S,male,Alone
0,416,3,,0,0,343095,8.05,,S,female,Alone
1,417,2,34,1,1,28220,32.5,,S,female,With Family
1,418,2,18,0,2,250652,13,,S,female,With Family
0,419,2,30,0,0,28228,13,,S,male,Alone
0,420,3,10,0,2,345773,24.15,,S,child,With Family
0,421,3,,0,0,349254,7.8958,,C,male,Alone
0,422,3,21,0,0,A/5. 13032,7.7333,,Q,male,Alone
0,423,3,29,0,0,315082,7.875,,S,male,Alone
0,424,3,28,1,1,347080,14.4,,S,female,With Family
0,425,3,18,1,1,370129,20.2125,,S,male,With Family
0,426,3,,0,0,A/4. 34244,7.25,,S,male,Alone
1,427,2,28,1,0,2003,26,,S,female,With Family
1,428,2,19,0,0,250655,26,,S,female,Alone
0,429,3,,0,0,364851,7.75,,Q,male,Alone
1,430,3,32,0,0,SOTON/O.Q. 392078,8.05,E10,S,male,Alone
1,431,1,28,0,0,110564,26.55,C52,S,male,Alone
1,432,3,,1,0,376564,16.1,,S,female,With Family
1,433,2,42,1,0,SC/AH 3085,26,,S,female,With Family
0,434,3,17,0,0,STON/O 2. 3101274,7.125,,S,male,Alone
0,435,1,50,1,0,13507,55.9,E44,S,male,With Family
1,436,1,14,1,2,113760,120,B96 B98,S,child,With Family
0,437,3,21,2,2,W./C. 6608,34.375,,S,female,With Family
1,438,2,24,2,3,29106,18.75,,S,female,With Family
0,439,1,64,1,4,19950,263,C23 C25 C27,S,male,With Family
0,440,2,31,0,0,C.A. 18723,10.5,,S,male,Alone
1,441,2,45,1,1,F.C.C. 13529,26.25,,S,female,With Family
0,442,3,20,0,0,345769,9.5,,S,male,Alone
0,443,3,25,1,0,347076,7.775,,S,male,With Family
1,444,2,28,0,0,230434,13,,S,female,Alone
1,445,3,,0,0,65306,8.1125,,S,male,Alone
1,446,1,4,0,2,33638,81.8583,A34,S,child,With Family
1,447,2,13,0,1,250644,19.5,,S,child,With Family
1,448,1,34,0,0,113794,26.55,,S,male,Alone
1,449,3,5,2,1,2666,19.2583,,C,child,With Family
1,450,1,52,0,0,113786,30.5,C104,S,male,Alone
0,451,2,36,1,2,C.A. 34651,27.75,,S,male,With Family
0,452,3,,1,0,65303,19.9667,,S,male,With Family
0,453,1,30,0,0,113051,27.75,C111,C,male,Alone
1,454,1,49,1,0,17453,89.1042,C92,C,male,With Family
0,455,3,,0,0,A/5 2817,8.05,,S,male,Alone
1,456,3,29,0,0,349240,7.8958,,C,male,Alone
0,457,1,65,0,0,13509,26.55,E38,S,male,Alone
1,458,1,,1,0,17464,51.8625,D21,S,female,With Family
1,459,2,50,0,0,F.C.C. 13531,10.5,,S,female,Alone
0,460,3,,0,0,371060,7.75,,Q,male,Alone
1,461,1,48,0,0,19952,26.55,E12,S,male,Alone
0,462,3,34,0,0,364506,8.05,,S,male,Alone
0,463,1,47,0,0,111320,38.5,E63,S,male,Alone
0,464,2,48,0,0,234360,13,,S,male,Alone
0,465,3,,0,0,A/S 2816,8.05,,S,male,Alone
0,466,3,38,0,0,SOTON/O.Q. 3101306,7.05,,S,male,Alone
0,467,2,,0,0,239853,0,,S,male,Alone
0,468,1,56,0,0,113792,26.55,,S,male,Alone
0,469,3,,0,0,36209,7.725,,Q,male,Alone
1,470,3,0.75,2,1,2666,19.2583,,C,child,With Family
0,471,3,,0,0,323592,7.25,,S,male,Alone
0,472,3,38,0,0,315089,8.6625,,S,male,Alone
1,473,2,33,1,2,C.A. 34651,27.75,,S,female,With Family
1,474,2,23,0,0,SC/AH Basle 541,13.7917,D,C,female,Alone
0,475,3,22,0,0,7553,9.8375,,S,female,Alone
0,476,1,,0,0,110465,52,A14,S,male,Alone
0,477,2,34,1,0,31027,21,,S,male,With Family
0,478,3,29,1,0,3460,7.0458,,S,male,With Family
0,479,3,22,0,0,350060,7.5208,,S,male,Alone
1,480,3,2,0,1,3101298,12.2875,,S,child,With Family
0,481,3,9,5,2,CA 2144,46.9,,S,child,With Family
0,482,2,,0,0,239854,0,,S,male,Alone
0,483,3,50,0,0,A/5 3594,8.05,,S,male,Alone
1,484,3,63,0,0,4134,9.5875,,S,female,Alone
1,485,1,25,1,0,11967,91.0792,B49,C,male,With Family
0,486,3,,3,1,4133,25.4667,,S,female,With Family
1,487,1,35,1,0,19943,90,C93,S,female,With Family
0,488,1,58,0,0,11771,29.7,B37,C,male,Alone
0,489,3,30,0,0,A.5. 18509,8.05,,S,male,Alone
1,490,3,9,1,1,C.A. 37671,15.9,,S,child,With Family
0,491,3,,1,0,65304,19.9667,,S,male,With Family
0,492,3,21,0,0,SOTON/OQ 3101317,7.25,,S,male,Alone
0,493,1,55,0,0,113787,30.5,C30,S,male,Alone
0,494,1,71,0,0,PC 17609,49.5042,,C,male,Alone
0,495,3,21,0,0,A/4 45380,8.05,,S,male,Alone
0,496,3,,0,0,2627,14.4583,,C,male,Alone
1,497,1,54,1,0,36947,78.2667,D20,C,female,With Family
0,498,3,,0,0,C.A. 6212,15.1,,S,male,Alone
0,499,1,25,1,2,113781,151.55,C22 C26,S,female,With Family
0,500,3,24,0,0,350035,7.7958,,S,male,Alone
0,501,3,17,0,0,315086,8.6625,,S,male,Alone
0,502,3,21,0,0,364846,7.75,,Q,female,Alone
0,503,3,,0,0,330909,7.6292,,Q,female,Alone
0,504,3,37,0,0,4135,9.5875,,S,female,Alone
1,505,1,16,0,0,110152,86.5,B79,S,female,Alone
0,506,1,18,1,0,PC 17758,108.9,C65,C,male,With Family
1,507,2,33,0,2,26360,26,,S,female,With Family
1,508,1,,0,0,111427,26.55,,S,male,Alone
0,509,3,28,0,0,C 4001,22.525,,S,male,Alone
1,510,3,26,0,0,1601,56.4958,,S,male,Alone
1,511,3,29,0,0,382651,7.75,,Q,male,Alone
0,512,3,,0,0,SOTON/OQ 3101316,8.05,,S,male,Alone
1,513,1,36,0,0,PC 17473,26.2875,E25,S,male,Alone
1,514,1,54,1,0,PC 17603,59.4,,C,female,With Family
0,515,3,24,0,0,349209,7.4958,,S,male,Alone
0,516,1,47,0,0,36967,34.0208,D46,S,male,Alone
1,517,2,34,0,0,C.A. 34260,10.5,F33,S,female,Alone
0,518,3,,0,0,371110,24.15,,Q,male,Alone
1,519,2,36,1,0,226875,26,,S,female,With Family
0,520,3,32,0,0,349242,7.8958,,S,male,Alone
1,521,1,30,0,0,12749,93.5,B73,S,female,Alone
0,522,3,22,0,0,349252,7.8958,,S,male,Alone
0,523,3,,0,0,2624,7.225,,C,male,Alone
1,524,1,44,0,1,111361,57.9792,B18,C,female,With Family
0,525,3,,0,0,2700,7.2292,,C,male,Alone
0,526,3,40.5,0,0,367232,7.75,,Q,male,Alone
1,527,2,50,0,0,W./C. 14258,10.5,,S,female,Alone
0,528,1,,0,0,PC 17483,221.7792,C95,S,male,Alone
0,529,3,39,0,0,3101296,7.925,,S,male,Alone
0,530,2,23,2,1,29104,11.5,,S,male,With Family
1,531,2,2,1,1,26360,26,,S,child,With Family
0,532,3,,0,0,2641,7.2292,,C,male,Alone
0,533,3,17,1,1,2690,7.2292,,C,male,With Family
1,534,3,,0,2,2668,22.3583,,C,female,With Family
0,535,3,30,0,0,315084,8.6625,,S,female,Alone
1,536,2,7,0,2,F.C.C. 13529,26.25,,S,child,With Family
0,537,1,45,0,0,113050,26.55,B38,S,male,Alone
1,538,1,30,0,0,PC 17761,106.425,,C,female,Alone
0,539,3,,0,0,364498,14.5,,S,male,Alone
1,540,1,22,0,2,13568,49.5,B39,C,female,With Family
1,541,1,36,0,2,WE/P 5735,71,B22,S,female,With Family
0,542,3,9,4,2,347082,31.275,,S,child,With Family
0,543,3,11,4,2,347082,31.275,,S,child,With Family
1,544,2,32,1,0,2908,26,,S,male,With Family
0,545,1,50,1,0,PC 17761,106.425,C86,C,male,With Family
0,546,1,64,0,0,693,26,,S,male,Alone
1,547,2,19,1,0,2908,26,,S,female,With Family
1,548,2,,0,0,SC/PARIS 2146,13.8625,,C,male,Alone
0,549,3,33,1,1,363291,20.525,,S,male,With Family
1,550,2,8,1,1,C.A. 33112,36.75,,S,child,With Family
1,551,1,17,0,2,17421,110.8833,C70,C,male,With Family
0,552,2,27,0,0,244358,26,,S,male,Alone
0,553,3,,0,0,330979,7.8292,,Q,male,Alone
1,554,3,22,0,0,2620,7.225,,C,male,Alone
1,555,3,22,0,0,347085,7.775,,S,female,Alone
0,556,1,62,0,0,113807,26.55,,S,male,Alone
1,557,1,48,1,0,11755,39.6,A16,C,female,With Family
0,558,1,,0,0,PC 17757,227.525,,C,male,Alone
1,559,1,39,1,1,110413,79.65,E67,S,female,With Family
1,560,3,36,1,0,345572,17.4,,S,female,With Family
0,561,3,,0,0,372622,7.75,,Q,male,Alone
0,562,3,40,0,0,349251,7.8958,,S,male,Alone
0,563,2,28,0,0,218629,13.5,,S,male,Alone
0,564,3,,0,0,SOTON/OQ 392082,8.05,,S,male,Alone
0,565,3,,0,0,SOTON/O.Q. 392087,8.05,,S,female,Alone
0,566,3,24,2,0,A/4 48871,24.15,,S,male,With Family
0,567,3,19,0,0,349205,7.8958,,S,male,Alone
0,568,3,29,0,4,349909,21.075,,S,female,With Family
0,569,3,,0,0,2686,7.2292,,C,male,Alone
1,570,3,32,0,0,350417,7.8542,,S,male,Alone
1,571,2,62,0,0,S.W./PP 752,10.5,,S,male,Alone
1,572,1,53,2,0,11769,51.4792,C101,S,female,With Family
1,573,1,36,0,0,PC 17474,26.3875,E25,S,male,Alone
1,574,3,,0,0,14312,7.75,,Q,female,Alone
0,575,3,16,0,0,A/4. 20589,8.05,,S,male,Alone
0,576,3,19,0,0,358585,14.5,,S,male,Alone
1,577,2,34,0,0,243880,13,,S,female,Alone
1,578,1,39,1,0,13507,55.9,E44,S,female,With Family
0,579,3,,1,0,2689,14.4583,,C,female,With Family
1,580,3,32,0,0,STON/O 2. 3101286,7.925,,S,male,Alone
1,581,2,25,1,1,237789,30,,S,female,With Family
1,582,1,39,1,1,17421,110.8833,C68,C,female,With Family
0,583,2,54,0,0,28403,26,,S,male,Alone
0,584,1,36,0,0,13049,40.125,A10,C,male,Alone
0,585,3,,0,0,3411,8.7125,,C,male,Alone
1,586,1,18,0,2,110413,79.65,E68,S,female,With Family
0,587,2,47,0,0,237565,15,,S,male,Alone
1,588,1,60,1,1,13567,79.2,B41,C,male,With Family
0,589,3,22,0,0,14973,8.05,,S,male,Alone
0,590,3,,0,0,A./5. 3235,8.05,,S,male,Alone
0,591,3,35,0,0,STON/O 2. 3101273,7.125,,S,male,Alone
1,592,1,52,1,0,36947,78.2667,D20,C,female,With Family
0,593,3,47,0,0,A/5 3902,7.25,,S,male,Alone
0,594,3,,0,2,364848,7.75,,Q,female,With Family
0,595,2,37,1,0,SC/AH 29037,26,,S,male,With Family
0,596,3,36,1,1,345773,24.15,,S,male,With Family
1,597,2,,0,0,248727,33,,S,female,Alone
0,598,3,49,0,0,LINE,0,,S,male,Alone
0,599,3,,0,0,2664,7.225,,C,male,Alone
1,600,1,49,1,0,PC 17485,56.9292,A20,C,male,With Family
1,601,2,24,2,1,243847,27,,S,female,With Family
0,602,3,,0,0,349214,7.8958,,S,male,Alone
0,603,1,,0,0,113796,42.4,,S,male,Alone
0,604,3,44,0,0,364511,8.05,,S,male,Alone
1,605,1,35,0,0,111426,26.55,,C,male,Alone
0,606,3,36,1,0,349910,15.55,,S,male,With Family
0,607,3,30,0,0,349246,7.8958,,S,male,Alone
1,608,1,27,0,0,113804,30.5,,S,male,Alone
1,609,2,22,1,2,SC/Paris 2123,41.5792,,C,female,With Family
1,610,1,40,0,0,PC 17582,153.4625,C125,S,female,Alone
0,611,3,39,1,5,347082,31.275,,S,female,With Family
0,612,3,,0,0,SOTON/O.Q. 3101305,7.05,,S,male,Alone
1,613,3,,1,0,367230,15.5,,Q,female,With Family
0,614,3,,0,0,370377,7.75,,Q,male,Alone
0,615,3,35,0,0,364512,8.05,,S,male,Alone
1,616,2,24,1,2,220845,65,,S,female,With Family
0,617,3,34,1,1,347080,14.4,,S,male,With Family
0,618,3,26,1,0,A/5. 3336,16.1,,S,female,With Family
1,619,2,4,2,1,230136,39,F4,S,child,With Family
0,620,2,26,0,0,31028,10.5,,S,male,Alone
0,621,3,27,1,0,2659,14.4542,,C,male,With Family
1,622,1,42,1,0,11753,52.5542,D19,S,male,With Family
1,623,3,20,1,1,2653,15.7417,,C,male,With Family
0,624,3,21,0,0,350029,7.8542,,S,male,Alone
0,625,3,21,0,0,54636,16.1,,S,male,Alone
0,626,1,61,0,0,36963,32.3208,D50,S,male,Alone
0,627,2,57,0,0,219533,12.35,,Q,male,Alone
1,628,1,21,0,0,13502,77.9583,D9,S,female,Alone
0,629,3,26,0,0,349224,7.8958,,S,male,Alone
0,630,3,,0,0,334912,7.7333,,Q,male,Alone
1,631,1,80,0,0,27042,30,A23,S,male,Alone
0,632,3,51,0,0,347743,7.0542,,S,male,Alone
1,633,1,32,0,0,13214,30.5,B50,C,male,Alone
0,634,1,,0,0,112052,0,,S,male,Alone
0,635,3,9,3,2,347088,27.9,,S,child,With Family
1,636,2,28,0,0,237668,13,,S,female,Alone
0,637,3,32,0,0,STON/O 2. 3101292,7.925,,S,male,Alone
0,638,2,31,1,1,C.A. 31921,26.25,,S,male,With Family
0,639,3,41,0,5,3101295,39.6875,,S,female,With Family
0,640,3,,1,0,376564,16.1,,S,male,With Family
0,641,3,20,0,0,350050,7.8542,,S,male,Alone
1,642,1,24,0,0,PC 17477,69.3,B35,C,female,Alone
0,643,3,2,3,2,347088,27.9,,S,child,With Family
1,644,3,,0,0,1601,56.4958,,S,male,Alone
1,645,3,0.75,2,1,2666,19.2583,,C,child,With Family
1,646,1,48,1,0,PC 17572,76.7292,D33,C,male,With Family
0,647,3,19,0,0,349231,7.8958,,S,male,Alone
1,648,1,56,0,0,13213,35.5,A26,C,male,Alone
0,649,3,,0,0,S.O./P.P. 751,7.55,,S,male,Alone
1,650,3,23,0,0,CA. 2314,7.55,,S,female,Alone
0,651,3,,0,0,349221,7.8958,,S,male,Alone
1,652,2,18,0,1,231919,23,,S,female,With Family
0,653,3,21,0,0,8475,8.4333,,S,male,Alone
1,654,3,,0,0,330919,7.8292,,Q,female,Alone
0,655,3,18,0,0,365226,6.75,,Q,female,Alone
0,656,2,24,2,0,S.O.C. 14879,73.5,,S,male,With Family
0,657,3,,0,0,349223,7.8958,,S,male,Alone
0,658,3,32,1,1,364849,15.5,,Q,female,With Family
0,659,2,23,0,0,29751,13,,S,male,Alone
0,660,1,58,0,2,35273,113.275,D48,C,male,With Family
1,661,1,50,2,0,PC 17611,133.65,,S,male,With Family
0,662,3,40,0,0,2623,7.225,,C,male,Alone
0,663,1,47,0,0,5727,25.5875,E58,S,male,Alone
0,664,3,36,0,0,349210,7.4958,,S,male,Alone
1,665,3,20,1,0,STON/O 2. 3101285,7.925,,S,male,With Family
0,666,2,32,2,0,S.O.C. 14879,73.5,,S,male,With Family
0,667,2,25,0,0,234686,13,,S,male,Alone
0,668,3,,0,0,312993,7.775,,S,male,Alone
0,669,3,43,0,0,A/5 3536,8.05,,S,male,Alone
1,670,1,,1,0,19996,52,C126,S,female,With Family
1,671,2,40,1,1,29750,39,,S,female,With Family
0,672,1,31,1,0,F.C. 12750,52,B71,S,male,With Family
0,673,2,70,0,0,C.A. 24580,10.5,,S,male,Alone
1,674,2,31,0,0,244270,13,,S,male,Alone
0,675,2,,0,0,239856,0,,S,male,Alone
0,676,3,18,0,0,349912,7.775,,S,male,Alone
0,677,3,24.5,0,0,342826,8.05,,S,male,Alone
1,678,3,18,0,0,4138,9.8417,,S,female,Alone
0,679,3,43,1,6,CA 2144,46.9,,S,female,With Family
1,680,1,36,0,1,PC 17755,512.3292,B51 B53 B55,C,male,With Family
0,681,3,,0,0,330935,8.1375,,Q,female,Alone
1,682,1,27,0,0,PC 17572,76.7292,D49,C,male,Alone
0,683,3,20,0,0,6563,9.225,,S,male,Alone
0,684,3,14,5,2,CA 2144,46.9,,S,child,With Family
0,685,2,60,1,1,29750,39,,S,male,With Family
0,686,2,25,1,2,SC/Paris 2123,41.5792,,C,male,With Family
0,687,3,14,4,1,3101295,39.6875,,S,child,With Family
0,688,3,19,0,0,349228,10.1708,,S,male,Alone
0,689,3,18,0,0,350036,7.7958,,S,male,Alone
1,690,1,15,0,1,24160,211.3375,B5,S,child,With Family
1,691,1,31,1,0,17474,57,B20,S,male,With Family
1,692,3,4,0,1,349256,13.4167,,C,child,With Family
1,693,3,,0,0,1601,56.4958,,S,male,Alone
0,694,3,25,0,0,2672,7.225,,C,male,Alone
0,695,1,60,0,0,113800,26.55,,S,male,Alone
0,696,2,52,0,0,248731,13.5,,S,male,Alone
0,697,3,44,0,0,363592,8.05,,S,male,Alone
1,698,3,,0,0,35852,7.7333,,Q,female,Alone
0,699,1,49,1,1,17421,110.8833,C68,C,male,With Family
0,700,3,42,0,0,348121,7.65,F G63,S,male,Alone
1,701,1,18,1,0,PC 17757,227.525,C62 C64,C,female,With Family
1,702,1,35,0,0,PC 17475,26.2875,E24,S,male,Alone
0,703,3,18,0,1,2691,14.4542,,C,female,With Family
0,704,3,25,0,0,36864,7.7417,,Q,male,Alone
0,705,3,26,1,0,350025,7.8542,,S,male,With Family
0,706,2,39,0,0,250655,26,,S,male,Alone
1,707,2,45,0,0,223596,13.5,,S,female,Alone
1,708,1,42,0,0,PC 17476,26.2875,E24,S,male,Alone
1,709,1,22,0,0,113781,151.55,,S,female,Alone
1,710,3,,1,1,2661,15.2458,,C,male,With Family
1,711,1,24,0,0,PC 17482,49.5042,C90,C,female,Alone
0,712,1,,0,0,113028,26.55,C124,S,male,Alone
1,713,1,48,1,0,19996,52,C126,S,male,With Family
0,714,3,29,0,0,7545,9.4833,,S,male,Alone
0,715,2,52,0,0,250647,13,,S,male,Alone
0,716,3,19,0,0,348124,7.65,F G73,S,male,Alone
1,717,1,38,0,0,PC 17757,227.525,C45,C,female,Alone
1,718,2,27,0,0,34218,10.5,E101,S,female,Alone
0,719,3,,0,0,36568,15.5,,Q,male,Alone
0,720,3,33,0,0,347062,7.775,,S,male,Alone
1,721,2,6,0,1,248727,33,,S,child,With Family
0,722,3,17,1,0,350048,7.0542,,S,male,With Family
0,723,2,34,0,0,12233,13,,S,male,Alone
0,724,2,50,0,0,250643,13,,S,male,Alone
1,725,1,27,1,0,113806,53.1,E8,S,male,With Family
0,726,3,20,0,0,315094,8.6625,,S,male,Alone
1,727,2,30,3,0,31027,21,,S,female,With Family
1,728,3,,0,0,36866,7.7375,,Q,female,Alone
0,729,2,25,1,0,236853,26,,S,male,With Family
0,730,3,25,1,0,STON/O2. 3101271,7.925,,S,female,With Family
1,731,1,29,0,0,24160,211.3375,B5,S,female,Alone
0,732,3,11,0,0,2699,18.7875,,C,child,Alone
0,733,2,,0,0,239855,0,,S,male,Alone
0,734,2,23,0,0,28425,13,,S,male,Alone
0,735,2,23,0,0,233639,13,,S,male,Alone
0,736,3,28.5,0,0,54636,16.1,,S,male,Alone
0,737,3,48,1,3,W./C. 6608,34.375,,S,female,With Family
1,738,1,35,0,0,PC 17755,512.3292,B101,C,male,Alone
0,739,3,,0,0,349201,7.8958,,S,male,Alone
0,740,3,,0,0,349218,7.8958,,S,male,Alone
1,741,1,,0,0,16988,30,D45,S,male,Alone
0,742,1,36,1,0,19877,78.85,C46,S,male,With Family
1,743,1,21,2,2,PC 17608,262.375,B57 B59 B63 B66,C,female,With Family
0,744,3,24,1,0,376566,16.1,,S,male,With Family
1,745,3,31,0,0,STON/O 2. 3101288,7.925,,S,male,Alone
0,746,1,70,1,1,WE/P 5735,71,B22,S,male,With Family
0,747,3,16,1,1,C.A. 2673,20.25,,S,male,With Family
1,748,2,30,0,0,250648,13,,S,female,Alone
0,749,1,19,1,0,113773,53.1,D30,S,male,With Family
0,750,3,31,0,0,335097,7.75,,Q,male,Alone
1,751,2,4,1,1,29103,23,,S,child,With Family
1,752,3,6,0,1,392096,12.475,E121,S,child,With Family
0,753,3,33,0,0,345780,9.5,,S,male,Alone
0,754,3,23,0,0,349204,7.8958,,S,male,Alone
1,755,2,48,1,2,220845,65,,S,female,With Family
1,756,2,0.67,1,1,250649,14.5,,S,child,With Family
0,757,3,28,0,0,350042,7.7958,,S,male,Alone
0,758,2,18,0,0,29108,11.5,,S,male,Alone
0,759,3,34,0,0,363294,8.05,,S,male,Alone
1,760,1,33,0,0,110152,86.5,B77,S,female,Alone
0,761,3,,0,0,358585,14.5,,S,male,Alone
0,762,3,41,0,0,SOTON/O2 3101272,7.125,,S,male,Alone
1,763,3,20,0,0,2663,7.2292,,C,male,Alone
1,764,1,36,1,2,113760,120,B96 B98,S,female,With Family
0,765,3,16,0,0,347074,7.775,,S,male,Alone
1,766,1,51,1,0,13502,77.9583,D11,S,female,With Family
0,767,1,,0,0,112379,39.6,,C,male,Alone
0,768,3,30.5,0,0,364850,7.75,,Q,female,Alone
0,769,3,,1,0,371110,24.15,,Q,male,With Family
0,770,3,32,0,0,8471,8.3625,,S,male,Alone
0,771,3,24,0,0,345781,9.5,,S,male,Alone
0,772,3,48,0,0,350047,7.8542,,S,male,Alone
0,773,2,57,0,0,S.O./P.P. 3,10.5,E77,S,female,Alone
0,774,3,,0,0,2674,7.225,,C,male,Alone
1,775,2,54,1,3,29105,23,,S,female,With Family
0,776,3,18,0,0,347078,7.75,,S,male,Alone
0,777,3,,0,0,383121,7.75,F38,Q,male,Alone
1,778,3,5,0,0,364516,12.475,,S,child,Alone
0,779,3,,0,0,36865,7.7375,,Q,male,Alone
1,780,1,43,0,1,24160,211.3375,B3,S,female,With Family
1,781,3,13,0,0,2687,7.2292,,C,child,Alone
1,782,1,17,1,0,17474,57,B20,S,female,With Family
0,783,1,29,0,0,113501,30,D6,S,male,Alone
0,784,3,,1,2,W./C. 6607,23.45,,S,male,With Family
0,785,3,25,0,0,SOTON/O.Q. 3101312,7.05,,S,male,Alone
0,786,3,25,0,0,374887,7.25,,S,male,Alone
1,787,3,18,0,0,3101265,7.4958,,S,female,Alone
0,788,3,8,4,1,382652,29.125,,Q,child,With Family
1,789,3,1,1,2,C.A. 2315,20.575,,S,child,With Family
0,790,1,46,0,0,PC 17593,79.2,B82 B84,C,male,Alone
0,791,3,,0,0,12460,7.75,,Q,male,Alone
0,792,2,16,0,0,239865,26,,S,male,Alone
0,793,3,,8,2,CA. 2343,69.55,,S,female,With Family
0,794,1,,0,0,PC 17600,30.6958,,C,male,Alone
0,795,3,25,0,0,349203,7.8958,,S,male,Alone
0,796,2,39,0,0,28213,13,,S,male,Alone
1,797,1,49,0,0,17465,25.9292,D17,S,female,Alone
1,798,3,31,0,0,349244,8.6833,,S,female,Alone
0,799,3,30,0,0,2685,7.2292,,C,male,Alone
0,800,3,30,1,1,345773,24.15,,S,female,With Family
0,801,2,34,0,0,250647,13,,S,male,Alone
1,802,2,31,1,1,C.A. 31921,26.25,,S,female,With Family
1,803,1,11,1,2,113760,120,B96 B98,S,child,With Family
1,804,3,0.42,0,1,2625,8.5167,,C,child,With Family
1,805,3,27,0,0,347089,6.975,,S,male,Alone
0,806,3,31,0,0,347063,7.775,,S,male,Alone
0,807,1,39,0,0,112050,0,A36,S,male,Alone
0,808,3,18,0,0,347087,7.775,,S,female,Alone
0,809,2,39,0,0,248723,13,,S,male,Alone
1,810,1,33,1,0,113806,53.1,E8,S,female,With Family
0,811,3,26,0,0,3474,7.8875,,S,male,Alone
0,812,3,39,0,0,A/4 48871,24.15,,S,male,Alone
0,813,2,35,0,0,28206,10.5,,S,male,Alone
0,814,3,6,4,2,347082,31.275,,S,child,With Family
0,815,3,30.5,0,0,364499,8.05,,S,male,Alone
0,816,1,,0,0,112058,0,B102,S,male,Alone
0,817,3,23,0,0,STON/O2. 3101290,7.925,,S,female,Alone
0,818,2,31,1,1,S.C./PARIS 2079,37.0042,,C,male,With Family
0,819,3,43,0,0,C 7075,6.45,,S,male,Alone
0,820,3,10,3,2,347088,27.9,,S,child,With Family
1,821,1,52,1,1,12749,93.5,B69,S,female,With Family
1,822,3,27,0,0,315098,8.6625,,S,male,Alone
0,823,1,38,0,0,19972,0,,S,male,Alone
1,824,3,27,0,1,392096,12.475,E121,S,female,With Family
0,825,3,2,4,1,3101295,39.6875,,S,child,With Family
0,826,3,,0,0,368323,6.95,,Q,male,Alone
0,827,3,,0,0,1601,56.4958,,S,male,Alone
1,828,2,1,0,2,S.C./PARIS 2079,37.0042,,C,child,With Family
1,829,3,,0,0,367228,7.75,,Q,male,Alone
1,830,1,62,0,0,113572,80,B28,,female,Alone
1,831,3,15,1,0,2659,14.4542,,C,child,With Family
1,832,2,0.83,1,1,29106,18.75,,S,child,With Family
0,833,3,,0,0,2671,7.2292,,C,male,Alone
0,834,3,23,0,0,347468,7.8542,,S,male,Alone
0,835,3,18,0,0,2223,8.3,,S,male,Alone
1,836,1,39,1,1,PC 17756,83.1583,E49,C,female,With Family
0,837,3,21,0,0,315097,8.6625,,S,male,Alone
0,838,3,,0,0,392092,8.05,,S,male,Alone
1,839,3,32,0,0,1601,56.4958,,S,male,Alone
1,840,1,,0,0,11774,29.7,C47,C,male,Alone
0,841,3,20,0,0,SOTON/O2 3101287,7.925,,S,male,Alone
0,842,2,16,0,0,S.O./P.P. 3,10.5,,S,male,Alone
1,843,1,30,0,0,113798,31,,C,female,Alone
0,844,3,34.5,0,0,2683,6.4375,,C,male,Alone
0,845,3,17,0,0,315090,8.6625,,S,male,Alone
0,846,3,42,0,0,C.A. 5547,7.55,,S,male,Alone
0,847,3,,8,2,CA. 2343,69.55,,S,male,With Family
0,848,3,35,0,0,349213,7.8958,,C,male,Alone
0,849,2,28,0,1,248727,33,,S,male,With Family
1,850,1,,1,0,17453,89.1042,C92,C,female,With Family
0,851,3,4,4,2,347082,31.275,,S,child,With Family
0,852,3,74,0,0,347060,7.775,,S,male,Alone
0,853,3,9,1,1,2678,15.2458,,C,child,With Family
1,854,1,16,0,1,PC 17592,39.4,D28,S,female,With Family
0,855,2,44,1,0,244252,26,,S,female,With Family
1,856,3,18,0,1,392091,9.35,,S,female,With Family
1,857,1,45,1,1,36928,164.8667,,S,female,With Family
1,858,1,51,0,0,113055,26.55,E17,S,male,Alone
1,859,3,24,0,3,2666,19.2583,,C,female,With Family
0,860,3,,0,0,2629,7.2292,,C,male,Alone
0,861,3,41,2,0,350026,14.1083,,S,male,With Family
0,862,2,21,1,0,28134,11.5,,S,male,With Family
1,863,1,48,0,0,17466,25.9292,D17,S,female,Alone
0,864,3,,8,2,CA. 2343,69.55,,S,female,With Family
0,865,2,24,0,0,233866,13,,S,male,Alone
1,866,2,42,0,0,236852,13,,S,female,Alone
1,867,2,27,1,0,SC/PARIS 2149,13.8583,,C,female,With Family
0,868,1,31,0,0,PC 17590,50.4958,A24,S,male,Alone
0,869,3,,0,0,345777,9.5,,S,male,Alone
1,870,3,4,1,1,347742,11.1333,,S,child,With Family
0,871,3,26,0,0,349248,7.8958,,S,male,Alone
1,872,1,47,1,1,11751,52.5542,D35,S,female,With Family
0,873,1,33,0,0,695,5,B51 B53 B55,S,male,Alone
0,874,3,47,0,0,345765,9,,S,male,Alone
1,875,2,28,1,0,P/PP 3381,24,,C,female,With Family
1,876,3,15,0,0,2667,7.225,,C,child,Alone
0,877,3,20,0,0,7534,9.8458,,S,male,Alone
0,878,3,19,0,0,349212,7.8958,,S,male,Alone
0,879,3,,0,0,349217,7.8958,,S,male,Alone
1,880,1,56,0,1,11767,83.1583,C50,C,female,With Family
1,881,2,25,0,1,230433,26,,S,female,With Family
0,882,3,33,0,0,349257,7.8958,,S,male,Alone
0,883,3,22,0,0,7552,10.5167,,S,female,Alone
0,884,2,28,0,0,C.A./SOTON 34068,10.5,,S,male,Alone
0,885,3,25,0,0,SOTON/OQ 392076,7.05,,S,male,Alone
0,886,3,39,0,5,382652,29.125,,Q,female,With Family
0,887,2,27,0,0,211536,13,,S,male,Alone
1,888,1,19,0,0,112053,30,B42,S,female,Alone
0,889,3,,1,2,W./C. 6607,23.45,,S,female,With Family
1,890,1,26,0,0,111369,30,C148,C,male,Alone
0,891,3,32,0,0,370376,7.75,,Q,male,Alone
